{"cameraMode":{"drawMode":0,"name":"Shaded","section":"Shading Mode"},"sceneLighting":false,"audioPlay":false,"sceneViewState":{"m_AlwaysRefresh":false,"showFog":true,"showSkybox":false,"showFlares":true,"showImageEffects":true,"showParticleSystems":true,"showVisualEffectGraphs":true,"m_FxEnabled":true},"in2DMode":false,"pivot":{"x":-0.02795886993408203,"y":15.969568252563477,"z":0.7400178909301758},"rotation":{"x":0.4118002951145172,"y":0.5544100403785706,"z":-0.36601197719573977,"w":0.6237674951553345},"size":17.290170669555665,"orthographic":false}