{"cameraMode":{"drawMode":0,"name":"Shaded","section":"Shading Mode"},"sceneLighting":false,"audioPlay":false,"sceneViewState":{"m_AlwaysRefresh":false,"showFog":true,"showSkybox":false,"showFlares":true,"showImageEffects":true,"showParticleSystems":true,"showVisualEffectGraphs":true,"m_FxEnabled":true},"in2DMode":false,"pivot":{"x":-0.05591773986816406,"y":2.939133405685425,"z":1.5910415649414063},"rotation":{"x":-0.00762145547196269,"y":-0.9897022247314453,"z":0.13079823553562165,"w":-0.05766938999295235},"size":8.258526802062989,"orthographic":false}